Workbook

Sheet Tasks
A1: Orchestra — HACK_002 Task Tracker
A2: Edit only the yellow columns (Owner, Status, Notes). Status & Owner are dropdowns. Row turns green when Completed, red when Blocked.
A4: ID | B4: Milestone | C4: Area | D4: Task | E4: Owner | F4: Status | G4: Target (CEST) | H4: Plan ref | I4: Notes / blocker
A5: T01 | B5: M0 | C5: Docs | D5: MVP plan + Lovable plan written, reviewed, merged | E5: Omar | F5: Completed | G5: 20:30 | H5: MVP_PLAN
A6: T02 | B6: M1 | C6: Backend | D6: New schema, 3-layer visibility rule, login + agent keys | E6: Omar | F6: Not started | G6: 21:00 | H6: MVP_PLAN
A7: T03 | B7: M1 | C7: Backend | D7: REST endpoints exactly matching LOVABLE_PLAN §4 (filters, review_queue, graph) | E7: Omar | F7: Not started | G7: 21:30 | H7: LOVABLE §4
A8: T04 | B8: M1 | C8: Backend | D8: MCP tools: start/report/attach/submit, live agent presence, mention extraction | E8: Omar | F8: Not started | G8: 22:00 | H8: MVP_PLAN
A9: T05 | B9: M1 | C9: Backend | D9: Seed: Northwind project matching LOVABLE §7 (deps, mentions, live tasks) | E9: Hassan | F9: Completed | G9: 21:30 | H9: LOVABLE §7 | I9: northwind.json polished: every task has a description + scope, fuller KB docs, 12 mention links in the graph, one believable overdue task (T-2).
A10: T06 | B10: M1 | C10: Backend | D10: Webhooks on task events (open-source integration story) | E10: Hassan | F10: Completed | G10: 22:00 | H10: MVP_PLAN | I10: Built in the backend rewrite: server/src/webhooks.ts, POST /api/webhooks (PM). Covered by api.test.ts.
A11: T07 | B11: M1 | C11: Backend | D11: npm run sim: simulated agents John/Priya/Mia via real MCP | E11: Hassan | F11: Completed | G11: 22:30 | H11: MVP_PLAN | I11: PR #6 merged. npm run sim (-- --reset). Agent scripts: server/sim/stories/northwind.json. Works hosted (--url) and with random keys.
A12: T08 | B12: M2 | C12: Frontend | D12: Paste LOVABLE_PLAN into Lovable; shell, routes, login, mock mode | E12: Saad | F12: Not started | G12: 20:45 | H12: LOVABLE §10
A13: T09 | B13: M2 | C13: Frontend | D13: Board + task drawer (timeline, markdown, artifacts) | E13: Saad | F13: Not started | G13: 21:30 | H13: LOVABLE §5
A14: T10 | B14: M2 | C14: Frontend | D14: PM graph (react-force-graph-2d) with buildGraph() mock | E14: Saad | F14: Not started | G14: 22:00 | H14: LOVABLE §6
A15: T11 | B15: M2 | C15: Frontend | D15: Activity, Knowledge, Review, Live agents rail | E15: Saad | F15: Not started | G15: 22:00 | H15: LOVABLE §5
A16: T12 | B16: M3 | C16: Integration | D16: Switch UI to LIVE; fix contract mismatches | E16: Omar | F16: Not started | G16: 23:30 | H16: LOVABLE §4
A17: T13 | B17: M3 | C17: Integration | D17: Connect Claude Code as a junior agent; run a task end-to-end | E17: Omar | F17: Not started | G17: 00:00
A18: T14 | B18: M3 | C18: Integration | D18: Sim agents + real Claude Code agent together on the shared server (no staged refusal: team decision) | E18: Hassan | F18: Not started | G18: 00:30
A19: T15 | B19: M4 | C19: QA | D19: Acceptance checklist (LOVABLE §9) 3x after reset | E19: All | F19: Not started | G19: 02:00 | H19: LOVABLE §9
A20: T16 | B20: M4 | C20: Docs | D20: README: pitch, run steps, open source + integrations | E20: Hassan | F20: Not started | G20: 02:00 | I20: Simulated agents section added (PR #6). Pitch + integrations still to do.
A21: T17 | B21: M5 | C21: Demo | D21: Record 2-min video | E21: All | F21: Not started | G21: 07:00
A22: T18 | B22: M5 | C22: Submission | D22: ZIP repo + submit form | E22: Omar | F22: Not started | G22: 07:30

Sheet Milestones
A1: Milestones
A2: Progress columns are formulas driven by the Tasks sheet — do not edit them.
A4: ID | B4: Milestone | C4: Deadline (CEST) | D4: Done when… | E4: Tasks | F4: Completed | G4: In progress | H4: Blocked | I4: % done | J4: Status
A5: M0 | B5: Plans agreed + merged | C5: Sat 26 Sep 20:30 | D5: MVP_PLAN + LOVABLE_PLAN on main | E5: =COUNTIF(Tasks!$B$5:$B$52,A5) | F5: =COUNTIFS(Tasks!$B$5:$B$52,A5,Tasks!$F$5:$F$52,"Completed") | G5: =COUNTIFS(Tasks!$B$5:$B$52,A5,Tasks!$F$5:$F$52,"In progress") | H5: =COUNTIFS(Tasks!$B$5:$B$52,A5,Tasks!$F$5:$F$52,"Blocked") | I5: =IF(E5=0,0,F5/E5) | J5: =IF(E5=0,"-",IF(F5=E5,"Completed",IF(H5>0,"Blocked",IF(F5+G5>0,"In progress","Not started"))))
A6: M1 | B6: Backend v1 matches LOVABLE_PLAN | C6: Sat 26 Sep 22:00 | D6: All endpoints + MCP tools + tests green | E6: =COUNTIF(Tasks!$B$5:$B$52,A6) | F6: =COUNTIFS(Tasks!$B$5:$B$52,A6,Tasks!$F$5:$F$52,"Completed") | G6: =COUNTIFS(Tasks!$B$5:$B$52,A6,Tasks!$F$5:$F$52,"In progress") | H6: =COUNTIFS(Tasks!$B$5:$B$52,A6,Tasks!$F$5:$F$52,"Blocked") | I6: =IF(E6=0,0,F6/E6) | J6: =IF(E6=0,"-",IF(F6=E6,"Completed",IF(H6>0,"Blocked",IF(F6+G6>0,"In progress","Not started"))))
A7: M2 | B7: UI on mock data | C7: Sat 26 Sep 22:00 | D7: All Lovable screens work in MOCK mode | E7: =COUNTIF(Tasks!$B$5:$B$52,A7) | F7: =COUNTIFS(Tasks!$B$5:$B$52,A7,Tasks!$F$5:$F$52,"Completed") | G7: =COUNTIFS(Tasks!$B$5:$B$52,A7,Tasks!$F$5:$F$52,"In progress") | H7: =COUNTIFS(Tasks!$B$5:$B$52,A7,Tasks!$F$5:$F$52,"Blocked") | I7: =IF(E7=0,0,F7/E7) | J7: =IF(E7=0,"-",IF(F7=E7,"Completed",IF(H7>0,"Blocked",IF(F7+G7>0,"In progress","Not started"))))
A8: M3 | B8: LIVE end-to-end | C8: Sun 27 Sep 00:30 | D8: UI on real API; sim agents + Claude Code agent visible live | E8: =COUNTIF(Tasks!$B$5:$B$52,A8) | F8: =COUNTIFS(Tasks!$B$5:$B$52,A8,Tasks!$F$5:$F$52,"Completed") | G8: =COUNTIFS(Tasks!$B$5:$B$52,A8,Tasks!$F$5:$F$52,"In progress") | H8: =COUNTIFS(Tasks!$B$5:$B$52,A8,Tasks!$F$5:$F$52,"Blocked") | I8: =IF(E8=0,0,F8/E8) | J8: =IF(E8=0,"-",IF(F8=E8,"Completed",IF(H8>0,"Blocked",IF(F8+G8>0,"In progress","Not started"))))
A9: M4 | B9: Demo polish — FEATURE FREEZE | C9: Sun 27 Sep 02:00 | D9: Acceptance checklist passes 3x after reset | E9: =COUNTIF(Tasks!$B$5:$B$52,A9) | F9: =COUNTIFS(Tasks!$B$5:$B$52,A9,Tasks!$F$5:$F$52,"Completed") | G9: =COUNTIFS(Tasks!$B$5:$B$52,A9,Tasks!$F$5:$F$52,"In progress") | H9: =COUNTIFS(Tasks!$B$5:$B$52,A9,Tasks!$F$5:$F$52,"Blocked") | I9: =IF(E9=0,0,F9/E9) | J9: =IF(E9=0,"-",IF(F9=E9,"Completed",IF(H9>0,"Blocked",IF(F9+G9>0,"In progress","Not started"))))
A10: M5 | B10: Submission | C10: Sun 27 Sep 07:30 | D10: Video, ZIP, form submitted | E10: =COUNTIF(Tasks!$B$5:$B$52,A10) | F10: =COUNTIFS(Tasks!$B$5:$B$52,A10,Tasks!$F$5:$F$52,"Completed") | G10: =COUNTIFS(Tasks!$B$5:$B$52,A10,Tasks!$F$5:$F$52,"In progress") | H10: =COUNTIFS(Tasks!$B$5:$B$52,A10,Tasks!$F$5:$F$52,"Blocked") | I10: =IF(E10=0,0,F10/E10) | J10: =IF(E10=0,"-",IF(F10=E10,"Completed",IF(H10>0,"Blocked",IF(F10+G10>0,"In progress","Not started"))))
A12: Hard rule: after 02:00 Sunday (M3 freeze) → bug fixes only, no new features, no refactors .

Sheet Team
A1: Who is doing what
A3: Owner | B3: Role | C3: Tasks | D3: Completed | E3: In progress | F3: Blocked | G3: Not started | H3: % done
A4: Omar | B4: Backend core (schema, REST, MCP) → integration, agent demo, submission | C4: =COUNTIF(Tasks!$E$5:$E$52,A4) | D4: =COUNTIFS(Tasks!$E$5:$E$52,A4,Tasks!$F$5:$F$52,"Completed") | E4: =COUNTIFS(Tasks!$E$5:$E$52,A4,Tasks!$F$5:$F$52,"In progress") | F4: =COUNTIFS(Tasks!$E$5:$E$52,A4,Tasks!$F$5:$F$52,"Blocked") | G4: =COUNTIFS(Tasks!$E$5:$E$52,A4,Tasks!$F$5:$F$52,"Not started") | H4: =IF(C4=0,0,D4/C4)
A5: Hassan | B5: Seed data, webhooks, simulated agents, README | C5: =COUNTIF(Tasks!$E$5:$E$52,A5) | D5: =COUNTIFS(Tasks!$E$5:$E$52,A5,Tasks!$F$5:$F$52,"Completed") | E5: =COUNTIFS(Tasks!$E$5:$E$52,A5,Tasks!$F$5:$F$52,"In progress") | F5: =COUNTIFS(Tasks!$E$5:$E$52,A5,Tasks!$F$5:$F$52,"Blocked") | G5: =COUNTIFS(Tasks!$E$5:$E$52,A5,Tasks!$F$5:$F$52,"Not started") | H5: =IF(C5=0,0,D5/C5)
A6: Saad | B6: Lovable frontend per LOVABLE_PLAN.md | C6: =COUNTIF(Tasks!$E$5:$E$52,A6) | D6: =COUNTIFS(Tasks!$E$5:$E$52,A6,Tasks!$F$5:$F$52,"Completed") | E6: =COUNTIFS(Tasks!$E$5:$E$52,A6,Tasks!$F$5:$F$52,"In progress") | F6: =COUNTIFS(Tasks!$E$5:$E$52,A6,Tasks!$F$5:$F$52,"Blocked") | G6: =COUNTIFS(Tasks!$E$5:$E$52,A6,Tasks!$F$5:$F$52,"Not started") | H6: =IF(C6=0,0,D6/C6)
A7: All | B7: QA, video | C7: =COUNTIF(Tasks!$E$5:$E$52,A7) | D7: =COUNTIFS(Tasks!$E$5:$E$52,A7,Tasks!$F$5:$F$52,"Completed") | E7: =COUNTIFS(Tasks!$E$5:$E$52,A7,Tasks!$F$5:$F$52,"In progress") | F7: =COUNTIFS(Tasks!$E$5:$E$52,A7,Tasks!$F$5:$F$52,"Blocked") | G7: =COUNTIFS(Tasks!$E$5:$E$52,A7,Tasks!$F$5:$F$52,"Not started") | H7: =IF(C7=0,0,D7/C7)
A8: TOTAL | C8: =SUM(C4:C7) | D8: =SUM(D4:D7) | E8: =SUM(E4:E7) | F8: =SUM(F4:F7) | G8: =SUM(G4:G7) | H8: =IF(C8=0,0,D8/C8)
A10: Assumptions (correct if wrong):
A11: • Source of truth: docs/MVP_PLAN.md (everyone) and docs/LOVABLE_PLAN.md (frontend + API contract).
A12: • Feature freeze 02:00; after that bug fixes only.
